id,image_src,shape,lens_width,gender,color,face_shape,skin,width,target
7.15E+12,https://cdn.shopify.com/s/files/1/0387/1417/9628/files/GG1442O002_1.jpg?v=1692776069,rectangle,55,male,gold,oval,dark,54,
7.15E+12,https://cdn.shopify.com/s/files/1/0387/1417/9628/files/GG1476OK001_1.jpg?v=1689328302,rectangle,55,female,black,oval,dark,54,
7.15E+12,https://cdn.shopify.com/s/files/1/0387/1417/9628/files/SL645F001_1.jpg?v=1692776167,rectangle,55,male,black,oval,dark,54,
7.15E+12,https://cdn.shopify.com/s/files/1/0387/1417/9628/files/SL186BSLIM001_1.jpg?v=1689328751,rectangle,53,male,black,oval,dark,52,
6.98E+12,https://cdn.shopify.com/s/files/1/0387/1417/9628/files/GG0566ON004_1.jpg?v=1693459054,rectangle,52,female,pink,oval,light,51,
6.73E+12,https://cdn.shopify.com/s/files/1/0387/1417/9628/products/GG1129OJ001_1.jpg?v=1642644445,rectangle,52,female,black,oval,dark,51,
6.58E+12,https://cdn.shopify.com/s/files/1/0387/1417/9628/products/GG0934OA001_1.jpg?v=1625040669,rectangle,54,male,black,oval,dark,53,
5.35E+12,https://cdn.shopify.com/s/files/1/0387/1417/9628/files/ORP1900849_1.jpg?v=1705277330,rectangle,53,female,pink,oval,light,52,
5.35E+12,https://cdn.shopify.com/s/files/1/0387/1417/9628/files/ORP1900848_1.jpg?v=1705277314,rectangle,54,female,black,oval,dark,53,
5.31E+12,https://cdn.shopify.com/s/files/1/0387/1417/9628/files/ORP1800833_1.jpg?v=1705277234,rectangle,52,female,gold,oval,dark,51,
5.31E+12,https://cdn.shopify.com/s/files/1/0387/1417/9628/files/ORP1402964_1.jpg?v=1705277193,rectangle,51,female,brown,oval,dark,50,
6.98E+12,https://cdn.shopify.com/s/files/1/0387/1417/9628/products/PU0064O001_1.jpg?v=1665630294,rectangle,54,male,blue,oval,dark,53,
7.15E+12,https://cdn.shopify.com/s/files/1/0387/1417/9628/files/SL532004_1.jpg?v=1693463927,round,53,male,black,oval,dark,52,
7.06E+12,https://cdn.shopify.com/s/files/1/0387/1417/9628/products/GG1349O003_1.jpg?v=1674802099,round,53,male,gold,oval,dark,52,
6.98E+12,https://cdn.shopify.com/s/files/1/0387/1417/9628/products/GG1145O003_1.jpg?v=1665625175,round,54,female,gold,oval,dark,53,
6.61E+12,https://cdn.shopify.com/s/files/1/0387/1417/9628/files/SLM96001_1.jpg?v=1702266002,round,55,female,black,oval,dark,54,
6.61E+12,https://cdn.shopify.com/s/files/1/0387/1417/9628/products/SL471001_1.jpg?v=1658797459,round,53,female,black,oval,dark,52,
5.31E+12,https://cdn.shopify.com/s/files/1/0387/1417/9628/products/KAO1927270_1_bf7de9ae-ced6-47d0-a1ab-4b15a74ce714.jpg?v=1603961277,round,51,female,pink,oval,light,50,
5.31E+12,https://cdn.shopify.com/s/files/1/0387/1417/9628/products/KAO1927303_1_4f62b72a-d63f-43e0-a8ce-d19f36ac4e67.jpg?v=1603961490,round,51,male,gold,oval,dark,50,
5.31E+12,https://cdn.shopify.com/s/files/1/0387/1417/9628/products/KAO2027316_1.jpg?v=1678325680,round,53,male,black,oval,dark,52,
5.31E+12,https://cdn.shopify.com/s/files/1/0387/1417/9628/products/KAO2027329_1_614ba48a-434f-47d9-ac53-d4cb79fde9f9.jpg?v=1603961743,round,54,female,pink,oval,light,53,
5.31E+12,https://cdn.shopify.com/s/files/1/0387/1417/9628/products/LAO2028918_1.jpg?v=1625028365,round,51,male,black,oval,dark,50,
5.31E+12,https://cdn.shopify.com/s/files/1/0387/1417/9628/products/LAO2028926_1.jpg?v=1625028385,round,53,male,gold,oval,dark,52,
5.31E+12,https://cdn.shopify.com/s/files/1/0387/1417/9628/products/LAO2028927_1.jpg?v=1603956969,round,58,female,green,oval,dark,57,
7.01E+12,https://cdn.shopify.com/s/files/1/0387/1417/9628/products/LSO2351508_1.jpg?v=1671066561,d-frame,52,male,black,oval,dark,51,
6.87E+12,https://cdn.shopify.com/s/files/1/0387/1417/9628/products/ORP2230834_1.jpg?v=1673484750,d-frame,54,female,green,oval,dark,53,
6.85E+12,https://cdn.shopify.com/s/files/1/0387/1417/9628/products/ORP2230821_1.jpg?v=1652845657,d-frame,49,female,blue,oval,dark,48,
6.61E+12,https://cdn.shopify.com/s/files/1/0387/1417/9628/products/SL482001_1.jpg?v=1627363251,d-frame,54,female,black,oval,dark,53,
6.58E+12,https://cdn.shopify.com/s/files/1/0387/1417/9628/products/SL454001_1.jpg?v=1628728297,d-frame,56,male,black,oval,dark,55,
5.42E+12,https://cdn.shopify.com/s/files/1/0387/1417/9628/products/GG0826O004_1.jpg?v=1625037664,d-frame,55,male,black,oval,dark,54,
5.35E+12,https://cdn.shopify.com/s/files/1/0387/1417/9628/files/GG0548O005_1.jpg?v=1693458478,d-frame,55,female,black,oval,dark,54,
5.31E+12,https://cdn.shopify.com/s/files/1/0387/1417/9628/files/ORP1702867_1.jpg?v=1705277221,d-frame,51,female,pink,oval,light,50,
5.31E+12,https://cdn.shopify.com/s/files/1/0387/1417/9628/products/KAO2027310_1_9df8fc58-6b1d-4574-a0f4-f0cd8d2cef30.jpg?v=1603961528,d-frame,49,male,black,oval,dark,48,
6.87E+12,https://cdn.shopify.com/s/files/1/0387/1417/9628/products/ORP1830836_1.jpg?v=1673484649,d-frame,53,female,brown,oval,dark,52,
6.98E+12,https://cdn.shopify.com/s/files/1/0387/1417/9628/products/SL345001_1.jpg?v=1665630386,square,55,male,black,oval,dark,54,
6.89E+12,https://cdn.shopify.com/s/files/1/0387/1417/9628/products/GG1231OA001_1.jpg?v=1659427665,square,55,male,gold,oval,dark,54,
6.89E+12,https://cdn.shopify.com/s/files/1/0387/1417/9628/products/GG1230OA002_1.jpg?v=1659427659,square,53,male,black,oval,dark,52,
6.89E+12,https://cdn.shopify.com/s/files/1/0387/1417/9628/products/GG1213OA004_1.jpg?v=1659335673,square,55,female,black,oval,dark,54,
6.89E+12,https://cdn.shopify.com/s/files/1/0387/1417/9628/products/GG1209O002_1.jpg?v=1659335667,square,57,male,gold,oval,dark,56,
6.89E+12,https://cdn.shopify.com/s/files/1/0387/1417/9628/products/GG1192O004_1.jpg?v=1659427481,square,53,female,black,oval,dark,52,
6.73E+12,https://cdn.shopify.com/s/files/1/0387/1417/9628/products/GG1125OA002_1.jpg?v=1642644428,square,53,male,gold,oval,dark,52,
6.73E+12,https://cdn.shopify.com/s/files/1/0387/1417/9628/products/GG1124OA001_1.jpg?v=1642644418,square,55,male,black,oval,dark,54,
6.57E+12,https://cdn.shopify.com/s/files/1/0387/1417/9628/products/GG0958O005_1.jpg?v=1620884597,square,52,female,black,oval,dark,51,
5.35E+12,https://cdn.shopify.com/s/files/1/0387/1417/9628/products/GG0396O002_1.jpg?v=1625035074,square,56,female,gold,oval,dark,55,
5.33E+12,https://cdn.shopify.com/s/files/1/0387/1417/9628/products/KAO1927280_1.jpg?v=1625032334,square,51,female,green,oval,dark,50,
6.54E+12,https://cdn.shopify.com/s/files/1/0387/1417/9628/products/KAO2027348_1.jpg?v=1614663567,square,58,male,gold,oval,dark,57,
6.89E+12,https://cdn.shopify.com/s/files/1/0387/1417/9628/files/SL259011_1.jpg?v=1693463723,cat-eye,50,female,black,oval,dark,49,
5.31E+12,https://cdn.shopify.com/s/files/1/0387/1417/9628/products/LAO2028903_1.jpg?v=1625028315,cat-eye,52,female,black,oval,dark,51,
5.31E+12,https://cdn.shopify.com/s/files/1/0387/1417/9628/products/LSO1926520_1.jpg?v=1625028667,cat-eye,52,female,black,oval,dark,51,
5.31E+12,https://cdn.shopify.com/s/files/1/0387/1417/9628/products/LSO1926615_1_9a43ecd1-cb4c-4af3-b9bb-d32eba384b83.jpg?v=1603958540,cat-eye,53,female,black,oval,dark,52,
5.31E+12,https://cdn.shopify.com/s/files/1/0387/1417/9628/products/LSO2026616_1.jpg?v=1625028872,cat-eye,51,female,black,oval,dark,50,
5.32E+12,https://cdn.shopify.com/s/files/1/0387/1417/9628/products/JHN1984794_1.jpg?v=1603967588,cat-eye,52,female,gold,oval,dark,51,
5.35E+12,https://cdn.shopify.com/s/files/1/0387/1417/9628/products/LSO2026657_1.jpg?v=1603976817,cat-eye,54,female,green,oval,dark,53,
6.61E+12,https://cdn.shopify.com/s/files/1/0387/1417/9628/products/ORP2100863_1.jpg?v=1627363005,cat-eye,54,female,brown,oval,dark,53,
6.71E+12,https://cdn.shopify.com/s/files/1/0387/1417/9628/products/ORP2230806_1.jpg?v=1640299042,cat-eye,52,female,black,oval,dark,51,
6.88E+12,https://cdn.shopify.com/s/files/1/0387/1417/9628/products/ORP2000843_1.jpg?v=1656041689,cat-eye,49,female,green,oval,dark,48,
7.01E+12,https://cdn.shopify.com/s/files/1/0387/1417/9628/files/CAP2330501_1.jpg?v=1689921269,cat-eye,52,female,green,oval,dark,51,
7.01E+12,https://cdn.shopify.com/s/files/1/0387/1417/9628/products/CAP2330502_1.jpg?v=1676354962,cat-eye,52,female,blue,oval,dark,51,
5.31E+12,https://cdn.shopify.com/s/files/1/0387/1417/9628/products/KAO1927297_1.jpg?v=1603961455,aviator,55,female,black,oval,dark,54,
5.31E+12,https://cdn.shopify.com/s/files/1/0387/1417/9628/products/KAO2027322_1.jpg?v=1678325725,aviator,52,male,black,oval,dark,51,
5.31E+12,https://cdn.shopify.com/s/files/1/0387/1417/9628/products/KAO2027325_1.jpg?v=1678325757,aviator,57,male,gold,oval,dark,56,
5.31E+12,https://cdn.shopify.com/s/files/1/0387/1417/9628/products/LAO2028916_1_a4efa15d-1c75-443a-b770-92293d17a42f.jpg?v=1603956904,aviator,51,male,black,oval,dark,50,
5.31E+12,https://cdn.shopify.com/s/files/1/0387/1417/9628/products/LAO2028921_1.jpg?v=1603956933,aviator,53,male,black,oval,dark,52,
5.31E+12,https://cdn.shopify.com/s/files/1/0387/1417/9628/products/LSO1926564_1.jpg?v=1625028736,aviator,54,female,pink,oval,light,53,
5.31E+12,https://cdn.shopify.com/s/files/1/0387/1417/9628/products/LSO1926567_1.jpg?v=1625028748,aviator,56,male,gold,oval,dark,55,
5.32E+12,https://cdn.shopify.com/s/files/1/0387/1417/9628/products/CBO1993051_1.jpg?v=1603959918,aviator,56,male,gold,oval,dark,55,
6.61E+12,https://cdn.shopify.com/s/files/1/0387/1417/9628/products/LSO2026670_1.jpg?v=1627360210,aviator,55,male,gold,oval,dark,54,
7.15E+12,https://cdn.shopify.com/s/files/1/0387/1417/9628/files/GG1442O002_1.jpg?v=1692776069,rectangle,55,male,gold,square,dark,54,
7.15E+12,https://cdn.shopify.com/s/files/1/0387/1417/9628/files/SL532004_1.jpg?v=1693463927,round,53,male,black,square,dark,52,
7.06E+12,https://cdn.shopify.com/s/files/1/0387/1417/9628/products/GG1349O003_1.jpg?v=1674802099,round,53,male,gold,square,dark,52,
6.98E+12,https://cdn.shopify.com/s/files/1/0387/1417/9628/products/GG1145O003_1.jpg?v=1665625175,round,54,female,gold,square,dark,53,
6.61E+12,https://cdn.shopify.com/s/files/1/0387/1417/9628/files/SLM96001_1.jpg?v=1702266002,round,55,female,black,square,dark,54,
6.61E+12,https://cdn.shopify.com/s/files/1/0387/1417/9628/products/SL471001_1.jpg?v=1658797459,round,53,female,black,square,dark,52,
5.31E+12,https://cdn.shopify.com/s/files/1/0387/1417/9628/products/KAO1927270_1_bf7de9ae-ced6-47d0-a1ab-4b15a74ce714.jpg?v=1603961277,round,51,female,pink,square,light,50,
5.31E+12,https://cdn.shopify.com/s/files/1/0387/1417/9628/products/KAO1927303_1_4f62b72a-d63f-43e0-a8ce-d19f36ac4e67.jpg?v=1603961490,round,51,male,gold,square,dark,50,
5.31E+12,https://cdn.shopify.com/s/files/1/0387/1417/9628/products/KAO2027316_1.jpg?v=1678325680,round,53,male,black,square,dark,52,
5.31E+12,https://cdn.shopify.com/s/files/1/0387/1417/9628/products/KAO2027329_1_614ba48a-434f-47d9-ac53-d4cb79fde9f9.jpg?v=1603961743,round,54,female,pink,square,light,53,
5.31E+12,https://cdn.shopify.com/s/files/1/0387/1417/9628/products/LAO2028918_1.jpg?v=1625028365,round,51,male,black,square,dark,50,
5.31E+12,https://cdn.shopify.com/s/files/1/0387/1417/9628/products/LAO2028926_1.jpg?v=1625028385,round,53,male,gold,square,dark,52,
5.31E+12,https://cdn.shopify.com/s/files/1/0387/1417/9628/products/LAO2028927_1.jpg?v=1603956969,round,58,female,green,square,dark,57,
7.15E+12,https://cdn.shopify.com/s/files/1/0387/1417/9628/files/GG1442O002_1.jpg?v=1692776069,rectangle,55,male,gold,oblong,dark,54,
6.98E+12,https://cdn.shopify.com/s/files/1/0387/1417/9628/products/SL345001_1.jpg?v=1665630386,square,55,male,black,oblong,dark,54,
6.89E+12,https://cdn.shopify.com/s/files/1/0387/1417/9628/products/GG1231OA001_1.jpg?v=1659427665,square,55,male,gold,oblong,dark,54,
6.89E+12,https://cdn.shopify.com/s/files/1/0387/1417/9628/products/GG1230OA002_1.jpg?v=1659427659,square,53,male,black,oblong,dark,52,
6.89E+12,https://cdn.shopify.com/s/files/1/0387/1417/9628/products/GG1213OA004_1.jpg?v=1659335673,square,55,female,black,oblong,dark,54,
6.89E+12,https://cdn.shopify.com/s/files/1/0387/1417/9628/products/GG1209O002_1.jpg?v=1659335667,square,57,male,gold,oblong,dark,56,
6.89E+12,https://cdn.shopify.com/s/files/1/0387/1417/9628/products/GG1192O004_1.jpg?v=1659427481,square,53,female,black,oblong,dark,52,
6.73E+12,https://cdn.shopify.com/s/files/1/0387/1417/9628/products/GG1125OA002_1.jpg?v=1642644428,square,53,male,gold,oblong,dark,52,
6.73E+12,https://cdn.shopify.com/s/files/1/0387/1417/9628/products/GG1124OA001_1.jpg?v=1642644418,square,55,male,black,oblong,dark,54,
6.57E+12,https://cdn.shopify.com/s/files/1/0387/1417/9628/products/GG0958O005_1.jpg?v=1620884597,square,52,female,black,oblong,dark,51,
5.35E+12,https://cdn.shopify.com/s/files/1/0387/1417/9628/products/GG0396O002_1.jpg?v=1625035074,square,56,female,gold,oblong,dark,55,
5.33E+12,https://cdn.shopify.com/s/files/1/0387/1417/9628/products/KAO1927280_1.jpg?v=1625032334,square,51,female,green,oblong,dark,50,
6.54E+12,https://cdn.shopify.com/s/files/1/0387/1417/9628/products/KAO2027348_1.jpg?v=1614663567,square,58,male,gold,oblong,dark,57,
5.31E+12,https://cdn.shopify.com/s/files/1/0387/1417/9628/products/KAO1927297_1.jpg?v=1603961455,aviator,55,female,black,oblong,dark,54,
5.31E+12,https://cdn.shopify.com/s/files/1/0387/1417/9628/products/KAO2027322_1.jpg?v=1678325725,aviator,52,male,black,oblong,dark,51,
5.31E+12,https://cdn.shopify.com/s/files/1/0387/1417/9628/products/KAO2027325_1.jpg?v=1678325757,aviator,57,male,gold,oblong,dark,56,
5.31E+12,https://cdn.shopify.com/s/files/1/0387/1417/9628/products/LAO2028916_1_a4efa15d-1c75-443a-b770-92293d17a42f.jpg?v=1603956904,aviator,51,male,black,oblong,dark,50,
5.31E+12,https://cdn.shopify.com/s/files/1/0387/1417/9628/products/LAO2028921_1.jpg?v=1603956933,aviator,53,male,black,oblong,dark,52,
5.31E+12,https://cdn.shopify.com/s/files/1/0387/1417/9628/products/LSO1926564_1.jpg?v=1625028736,aviator,54,female,pink,oblong,light,53,
5.31E+12,https://cdn.shopify.com/s/files/1/0387/1417/9628/products/LSO1926567_1.jpg?v=1625028748,aviator,56,male,gold,oblong,dark,55,
5.32E+12,https://cdn.shopify.com/s/files/1/0387/1417/9628/products/CBO1993051_1.jpg?v=1603959918,aviator,56,male,gold,oblong,dark,55,
6.61E+12,https://cdn.shopify.com/s/files/1/0387/1417/9628/products/LSO2026670_1.jpg?v=1627360210,aviator,55,male,gold,oblong,dark,54,
7.15E+12,https://cdn.shopify.com/s/files/1/0387/1417/9628/files/GG1442O002_1.jpg?v=1692776069,rectangle,55,male,gold,heart,dark,54,
7.15E+12,https://cdn.shopify.com/s/files/1/0387/1417/9628/files/GG1476OK001_1.jpg?v=1689328302,rectangle,55,female,black,heart,dark,54,
7.15E+12,https://cdn.shopify.com/s/files/1/0387/1417/9628/files/SL645F001_1.jpg?v=1692776167,rectangle,55,male,black,heart,dark,54,
7.15E+12,https://cdn.shopify.com/s/files/1/0387/1417/9628/files/SL186BSLIM001_1.jpg?v=1689328751,rectangle,53,male,black,heart,dark,52,
6.98E+12,https://cdn.shopify.com/s/files/1/0387/1417/9628/files/GG0566ON004_1.jpg?v=1693459054,rectangle,52,female,pink,heart,light,51,
6.73E+12,https://cdn.shopify.com/s/files/1/0387/1417/9628/products/GG1129OJ001_1.jpg?v=1642644445,rectangle,52,female,black,heart,dark,51,
6.58E+12,https://cdn.shopify.com/s/files/1/0387/1417/9628/products/GG0934OA001_1.jpg?v=1625040669,rectangle,54,male,black,heart,dark,53,
5.35E+12,https://cdn.shopify.com/s/files/1/0387/1417/9628/files/ORP1900849_1.jpg?v=1705277330,rectangle,53,female,pink,heart,light,52,
5.35E+12,https://cdn.shopify.com/s/files/1/0387/1417/9628/files/ORP1900848_1.jpg?v=1705277314,rectangle,54,female,black,heart,dark,53,
5.31E+12,https://cdn.shopify.com/s/files/1/0387/1417/9628/files/ORP1800833_1.jpg?v=1705277234,rectangle,52,female,gold,heart,dark,51,
5.31E+12,https://cdn.shopify.com/s/files/1/0387/1417/9628/files/ORP1402964_1.jpg?v=1705277193,rectangle,51,female,brown,heart,dark,50,
6.98E+12,https://cdn.shopify.com/s/files/1/0387/1417/9628/products/PU0064O001_1.jpg?v=1665630294,rectangle,54,male,blue,heart,dark,53,
6.89E+12,https://cdn.shopify.com/s/files/1/0387/1417/9628/files/SL259011_1.jpg?v=1693463723,cat-eye,50,female,black,heart,dark,49,
5.31E+12,https://cdn.shopify.com/s/files/1/0387/1417/9628/products/LAO2028903_1.jpg?v=1625028315,cat-eye,52,female,black,heart,dark,51,
5.31E+12,https://cdn.shopify.com/s/files/1/0387/1417/9628/products/LSO1926520_1.jpg?v=1625028667,cat-eye,52,female,black,heart,dark,51,
5.31E+12,https://cdn.shopify.com/s/files/1/0387/1417/9628/products/LSO1926615_1_9a43ecd1-cb4c-4af3-b9bb-d32eba384b83.jpg?v=1603958540,cat-eye,53,female,black,heart,dark,52,
5.31E+12,https://cdn.shopify.com/s/files/1/0387/1417/9628/products/LSO2026616_1.jpg?v=1625028872,cat-eye,51,female,black,heart,dark,50,
5.32E+12,https://cdn.shopify.com/s/files/1/0387/1417/9628/products/JHN1984794_1.jpg?v=1603967588,cat-eye,52,female,gold,heart,dark,51,
5.35E+12,https://cdn.shopify.com/s/files/1/0387/1417/9628/products/LSO2026657_1.jpg?v=1603976817,cat-eye,54,female,green,heart,dark,53,
6.61E+12,https://cdn.shopify.com/s/files/1/0387/1417/9628/products/ORP2100863_1.jpg?v=1627363005,cat-eye,54,female,brown,heart,dark,53,
6.71E+12,https://cdn.shopify.com/s/files/1/0387/1417/9628/products/ORP2230806_1.jpg?v=1640299042,cat-eye,52,female,black,heart,dark,51,
6.88E+12,https://cdn.shopify.com/s/files/1/0387/1417/9628/products/ORP2000843_1.jpg?v=1656041689,cat-eye,49,female,green,heart,dark,48,
7.01E+12,https://cdn.shopify.com/s/files/1/0387/1417/9628/files/CAP2330501_1.jpg?v=1689921269,cat-eye,52,female,green,heart,dark,51,
7.01E+12,https://cdn.shopify.com/s/files/1/0387/1417/9628/products/CAP2330502_1.jpg?v=1676354962,cat-eye,52,female,blue,heart,dark,51,
7.15E+12,https://cdn.shopify.com/s/files/1/0387/1417/9628/files/GG1442O002_1.jpg?v=1692776069,rectangle,55,male,gold,round,dark,54,
7.15E+12,https://cdn.shopify.com/s/files/1/0387/1417/9628/files/GG1476OK001_1.jpg?v=1689328302,rectangle,55,female,black,round,dark,54,
7.15E+12,https://cdn.shopify.com/s/files/1/0387/1417/9628/files/SL645F001_1.jpg?v=1692776167,rectangle,55,male,black,round,dark,54,
7.15E+12,https://cdn.shopify.com/s/files/1/0387/1417/9628/files/SL186BSLIM001_1.jpg?v=1689328751,rectangle,53,male,black,round,dark,52,
6.98E+12,https://cdn.shopify.com/s/files/1/0387/1417/9628/files/GG0566ON004_1.jpg?v=1693459054,rectangle,52,female,pink,round,light,51,
6.73E+12,https://cdn.shopify.com/s/files/1/0387/1417/9628/products/GG1129OJ001_1.jpg?v=1642644445,rectangle,52,female,black,round,dark,51,
6.58E+12,https://cdn.shopify.com/s/files/1/0387/1417/9628/products/GG0934OA001_1.jpg?v=1625040669,rectangle,54,male,black,round,dark,53,
5.35E+12,https://cdn.shopify.com/s/files/1/0387/1417/9628/files/ORP1900849_1.jpg?v=1705277330,rectangle,53,female,pink,round,light,52,
5.35E+12,https://cdn.shopify.com/s/files/1/0387/1417/9628/files/ORP1900848_1.jpg?v=1705277314,rectangle,54,female,black,round,dark,53,
5.31E+12,https://cdn.shopify.com/s/files/1/0387/1417/9628/files/ORP1800833_1.jpg?v=1705277234,rectangle,52,female,gold,round,dark,51,
5.31E+12,https://cdn.shopify.com/s/files/1/0387/1417/9628/files/ORP1402964_1.jpg?v=1705277193,rectangle,51,female,brown,round,dark,50,
6.98E+12,https://cdn.shopify.com/s/files/1/0387/1417/9628/products/PU0064O001_1.jpg?v=1665630294,rectangle,54,male,blue,round,dark,53,
5.31E+12,https://cdn.shopify.com/s/files/1/0387/1417/9628/products/KAO1927297_1.jpg?v=1603961455,aviator,55,female,black,round,dark,54,
5.31E+12,https://cdn.shopify.com/s/files/1/0387/1417/9628/products/KAO2027322_1.jpg?v=1678325725,aviator,52,male,black,round,dark,51,
5.31E+12,https://cdn.shopify.com/s/files/1/0387/1417/9628/products/KAO2027325_1.jpg?v=1678325757,aviator,57,male,gold,round,dark,56,
5.31E+12,https://cdn.shopify.com/s/files/1/0387/1417/9628/products/LAO2028916_1_a4efa15d-1c75-443a-b770-92293d17a42f.jpg?v=1603956904,aviator,51,male,black,round,dark,50,
5.31E+12,https://cdn.shopify.com/s/files/1/0387/1417/9628/products/LAO2028921_1.jpg?v=1603956933,aviator,53,male,black,round,dark,52,
5.31E+12,https://cdn.shopify.com/s/files/1/0387/1417/9628/products/LSO1926564_1.jpg?v=1625028736,aviator,54,female,pink,round,light,53,
5.31E+12,https://cdn.shopify.com/s/files/1/0387/1417/9628/products/LSO1926567_1.jpg?v=1625028748,aviator,56,male,gold,round,dark,55,
5.32E+12,https://cdn.shopify.com/s/files/1/0387/1417/9628/products/CBO1993051_1.jpg?v=1603959918,aviator,56,male,gold,round,dark,55,
6.61E+12,https://cdn.shopify.com/s/files/1/0387/1417/9628/products/LSO2026670_1.jpg?v=1627360210,aviator,55,male,gold,round,dark,54,
7.15E+12,https://cdn.shopify.com/s/files/1/0387/1417/9628/files/GG1442O002_1.jpg?v=1692776069,rectangle,55,male,gold,oval,light,54,
7.15E+12,https://cdn.shopify.com/s/files/1/0387/1417/9628/files/GG1476OK001_1.jpg?v=1689328302,rectangle,55,female,black,oval,light,54,
7.15E+12,https://cdn.shopify.com/s/files/1/0387/1417/9628/files/SL645F001_1.jpg?v=1692776167,rectangle,55,male,black,oval,light,54,
7.15E+12,https://cdn.shopify.com/s/files/1/0387/1417/9628/files/SL186BSLIM001_1.jpg?v=1689328751,rectangle,53,male,black,oval,light,52,
6.73E+12,https://cdn.shopify.com/s/files/1/0387/1417/9628/products/GG1129OJ001_1.jpg?v=1642644445,rectangle,52,female,black,oval,light,51,
6.58E+12,https://cdn.shopify.com/s/files/1/0387/1417/9628/products/GG0934OA001_1.jpg?v=1625040669,rectangle,54,male,black,oval,light,53,
5.35E+12,https://cdn.shopify.com/s/files/1/0387/1417/9628/files/ORP1900848_1.jpg?v=1705277314,rectangle,54,female,black,oval,light,53,
5.31E+12,https://cdn.shopify.com/s/files/1/0387/1417/9628/files/ORP1800833_1.jpg?v=1705277234,rectangle,52,female,gold,oval,light,51,
5.31E+12,https://cdn.shopify.com/s/files/1/0387/1417/9628/files/ORP1402964_1.jpg?v=1705277193,rectangle,51,female,brown,oval,light,50,
6.98E+12,https://cdn.shopify.com/s/files/1/0387/1417/9628/products/PU0064O001_1.jpg?v=1665630294,rectangle,54,male,blue,oval,light,53,
7.15E+12,https://cdn.shopify.com/s/files/1/0387/1417/9628/files/SL532004_1.jpg?v=1693463927,round,53,male,black,oval,light,52,
7.06E+12,https://cdn.shopify.com/s/files/1/0387/1417/9628/products/GG1349O003_1.jpg?v=1674802099,round,53,male,gold,oval,light,52,
6.98E+12,https://cdn.shopify.com/s/files/1/0387/1417/9628/products/GG1145O003_1.jpg?v=1665625175,round,54,female,gold,oval,light,53,
6.61E+12,https://cdn.shopify.com/s/files/1/0387/1417/9628/files/SLM96001_1.jpg?v=1702266002,round,55,female,black,oval,light,54,
6.61E+12,https://cdn.shopify.com/s/files/1/0387/1417/9628/products/SL471001_1.jpg?v=1658797459,round,53,female,black,oval,light,52,
5.31E+12,https://cdn.shopify.com/s/files/1/0387/1417/9628/products/KAO1927303_1_4f62b72a-d63f-43e0-a8ce-d19f36ac4e67.jpg?v=1603961490,round,51,male,gold,oval,light,50,
5.31E+12,https://cdn.shopify.com/s/files/1/0387/1417/9628/products/KAO2027316_1.jpg?v=1678325680,round,53,male,black,oval,light,52,
5.31E+12,https://cdn.shopify.com/s/files/1/0387/1417/9628/products/LAO2028918_1.jpg?v=1625028365,round,51,male,black,oval,light,50,
5.31E+12,https://cdn.shopify.com/s/files/1/0387/1417/9628/products/LAO2028926_1.jpg?v=1625028385,round,53,male,gold,oval,light,52,
7.01E+12,https://cdn.shopify.com/s/files/1/0387/1417/9628/products/LSO2351508_1.jpg?v=1671066561,d-frame,52,male,black,oval,light,51,
6.85E+12,https://cdn.shopify.com/s/files/1/0387/1417/9628/products/ORP2230821_1.jpg?v=1652845657,d-frame,49,female,blue,oval,light,48,
6.61E+12,https://cdn.shopify.com/s/files/1/0387/1417/9628/products/SL482001_1.jpg?v=1627363251,d-frame,54,female,black,oval,light,53,
6.58E+12,https://cdn.shopify.com/s/files/1/0387/1417/9628/products/SL454001_1.jpg?v=1628728297,d-frame,56,male,black,oval,light,55,
5.42E+12,https://cdn.shopify.com/s/files/1/0387/1417/9628/products/GG0826O004_1.jpg?v=1625037664,d-frame,55,male,black,oval,light,54,
5.35E+12,https://cdn.shopify.com/s/files/1/0387/1417/9628/files/GG0548O005_1.jpg?v=1693458478,d-frame,55,female,black,oval,light,54,
5.31E+12,https://cdn.shopify.com/s/files/1/0387/1417/9628/products/KAO2027310_1_9df8fc58-6b1d-4574-a0f4-f0cd8d2cef30.jpg?v=1603961528,d-frame,49,male,black,oval,light,48,
6.87E+12,https://cdn.shopify.com/s/files/1/0387/1417/9628/products/ORP1830836_1.jpg?v=1673484649,d-frame,53,female,brown,oval,light,52,
6.98E+12,https://cdn.shopify.com/s/files/1/0387/1417/9628/products/SL345001_1.jpg?v=1665630386,square,55,male,black,oval,light,54,
6.89E+12,https://cdn.shopify.com/s/files/1/0387/1417/9628/products/GG1231OA001_1.jpg?v=1659427665,square,55,male,gold,oval,light,54,
6.89E+12,https://cdn.shopify.com/s/files/1/0387/1417/9628/products/GG1230OA002_1.jpg?v=1659427659,square,53,male,black,oval,light,52,
6.89E+12,https://cdn.shopify.com/s/files/1/0387/1417/9628/products/GG1213OA004_1.jpg?v=1659335673,square,55,female,black,oval,light,54,
6.89E+12,https://cdn.shopify.com/s/files/1/0387/1417/9628/products/GG1209O002_1.jpg?v=1659335667,square,57,male,gold,oval,light,56,
6.89E+12,https://cdn.shopify.com/s/files/1/0387/1417/9628/products/GG1192O004_1.jpg?v=1659427481,square,53,female,black,oval,light,52,
6.73E+12,https://cdn.shopify.com/s/files/1/0387/1417/9628/products/GG1125OA002_1.jpg?v=1642644428,square,53,male,gold,oval,light,52,
6.73E+12,https://cdn.shopify.com/s/files/1/0387/1417/9628/products/GG1124OA001_1.jpg?v=1642644418,square,55,male,black,oval,light,54,
6.57E+12,https://cdn.shopify.com/s/files/1/0387/1417/9628/products/GG0958O005_1.jpg?v=1620884597,square,52,female,black,oval,light,51,
5.35E+12,https://cdn.shopify.com/s/files/1/0387/1417/9628/products/GG0396O002_1.jpg?v=1625035074,square,56,female,gold,oval,light,55,
6.54E+12,https://cdn.shopify.com/s/files/1/0387/1417/9628/products/KAO2027348_1.jpg?v=1614663567,square,58,male,gold,oval,light,57,
6.89E+12,https://cdn.shopify.com/s/files/1/0387/1417/9628/files/SL259011_1.jpg?v=1693463723,cat-eye,50,female,black,oval,light,49,
5.31E+12,https://cdn.shopify.com/s/files/1/0387/1417/9628/products/LAO2028903_1.jpg?v=1625028315,cat-eye,52,female,black,oval,light,51,
5.31E+12,https://cdn.shopify.com/s/files/1/0387/1417/9628/products/LSO1926520_1.jpg?v=1625028667,cat-eye,52,female,black,oval,light,51,
5.31E+12,https://cdn.shopify.com/s/files/1/0387/1417/9628/products/LSO1926615_1_9a43ecd1-cb4c-4af3-b9bb-d32eba384b83.jpg?v=1603958540,cat-eye,53,female,black,oval,light,52,
5.31E+12,https://cdn.shopify.com/s/files/1/0387/1417/9628/products/LSO2026616_1.jpg?v=1625028872,cat-eye,51,female,black,oval,light,50,
5.32E+12,https://cdn.shopify.com/s/files/1/0387/1417/9628/products/JHN1984794_1.jpg?v=1603967588,cat-eye,52,female,gold,oval,light,51,
6.61E+12,https://cdn.shopify.com/s/files/1/0387/1417/9628/products/ORP2100863_1.jpg?v=1627363005,cat-eye,54,female,brown,oval,light,53,
6.71E+12,https://cdn.shopify.com/s/files/1/0387/1417/9628/products/ORP2230806_1.jpg?v=1640299042,cat-eye,52,female,black,oval,light,51,
7.01E+12,https://cdn.shopify.com/s/files/1/0387/1417/9628/products/CAP2330502_1.jpg?v=1676354962,cat-eye,52,female,blue,oval,light,51,
5.31E+12,https://cdn.shopify.com/s/files/1/0387/1417/9628/products/KAO1927297_1.jpg?v=1603961455,aviator,55,female,black,oval,light,54,
5.31E+12,https://cdn.shopify.com/s/files/1/0387/1417/9628/products/KAO2027322_1.jpg?v=1678325725,aviator,52,male,black,oval,light,51,
5.31E+12,https://cdn.shopify.com/s/files/1/0387/1417/9628/products/KAO2027325_1.jpg?v=1678325757,aviator,57,male,gold,oval,light,56,
5.31E+12,https://cdn.shopify.com/s/files/1/0387/1417/9628/products/LAO2028916_1_a4efa15d-1c75-443a-b770-92293d17a42f.jpg?v=1603956904,aviator,51,male,black,oval,light,50,
5.31E+12,https://cdn.shopify.com/s/files/1/0387/1417/9628/products/LAO2028921_1.jpg?v=1603956933,aviator,53,male,black,oval,light,52,
5.31E+12,https://cdn.shopify.com/s/files/1/0387/1417/9628/products/LSO1926567_1.jpg?v=1625028748,aviator,56,male,gold,oval,light,55,
5.32E+12,https://cdn.shopify.com/s/files/1/0387/1417/9628/products/CBO1993051_1.jpg?v=1603959918,aviator,56,male,gold,oval,light,55,
6.61E+12,https://cdn.shopify.com/s/files/1/0387/1417/9628/products/LSO2026670_1.jpg?v=1627360210,aviator,55,male,gold,oval,light,54,
7.15E+12,https://cdn.shopify.com/s/files/1/0387/1417/9628/files/GG1442O002_1.jpg?v=1692776069,rectangle,55,male,gold,square,light,54,
7.15E+12,https://cdn.shopify.com/s/files/1/0387/1417/9628/files/SL532004_1.jpg?v=1693463927,round,53,male,black,square,light,52,
7.06E+12,https://cdn.shopify.com/s/files/1/0387/1417/9628/products/GG1349O003_1.jpg?v=1674802099,round,53,male,gold,square,light,52,
6.98E+12,https://cdn.shopify.com/s/files/1/0387/1417/9628/products/GG1145O003_1.jpg?v=1665625175,round,54,female,gold,square,light,53,
6.61E+12,https://cdn.shopify.com/s/files/1/0387/1417/9628/files/SLM96001_1.jpg?v=1702266002,round,55,female,black,square,light,54,
6.61E+12,https://cdn.shopify.com/s/files/1/0387/1417/9628/products/SL471001_1.jpg?v=1658797459,round,53,female,black,square,light,52,
5.31E+12,https://cdn.shopify.com/s/files/1/0387/1417/9628/products/KAO1927303_1_4f62b72a-d63f-43e0-a8ce-d19f36ac4e67.jpg?v=1603961490,round,51,male,gold,square,light,50,
5.31E+12,https://cdn.shopify.com/s/files/1/0387/1417/9628/products/KAO2027316_1.jpg?v=1678325680,round,53,male,black,square,light,52,
5.31E+12,https://cdn.shopify.com/s/files/1/0387/1417/9628/products/LAO2028918_1.jpg?v=1625028365,round,51,male,black,square,light,50,
5.31E+12,https://cdn.shopify.com/s/files/1/0387/1417/9628/products/LAO2028926_1.jpg?v=1625028385,round,53,male,gold,square,light,52,
7.15E+12,https://cdn.shopify.com/s/files/1/0387/1417/9628/files/GG1442O002_1.jpg?v=1692776069,rectangle,55,male,gold,oblong,light,54,
6.98E+12,https://cdn.shopify.com/s/files/1/0387/1417/9628/products/SL345001_1.jpg?v=1665630386,square,55,male,black,oblong,light,54,
6.89E+12,https://cdn.shopify.com/s/files/1/0387/1417/9628/products/GG1231OA001_1.jpg?v=1659427665,square,55,male,gold,oblong,light,54,
6.89E+12,https://cdn.shopify.com/s/files/1/0387/1417/9628/products/GG1230OA002_1.jpg?v=1659427659,square,53,male,black,oblong,light,52,
6.89E+12,https://cdn.shopify.com/s/files/1/0387/1417/9628/products/GG1213OA004_1.jpg?v=1659335673,square,55,female,black,oblong,light,54,
6.89E+12,https://cdn.shopify.com/s/files/1/0387/1417/9628/products/GG1209O002_1.jpg?v=1659335667,square,57,male,gold,oblong,light,56,
6.89E+12,https://cdn.shopify.com/s/files/1/0387/1417/9628/products/GG1192O004_1.jpg?v=1659427481,square,53,female,black,oblong,light,52,
6.73E+12,https://cdn.shopify.com/s/files/1/0387/1417/9628/products/GG1125OA002_1.jpg?v=1642644428,square,53,male,gold,oblong,light,52,
6.73E+12,https://cdn.shopify.com/s/files/1/0387/1417/9628/products/GG1124OA001_1.jpg?v=1642644418,square,55,male,black,oblong,light,54,
6.57E+12,https://cdn.shopify.com/s/files/1/0387/1417/9628/products/GG0958O005_1.jpg?v=1620884597,square,52,female,black,oblong,light,51,
5.35E+12,https://cdn.shopify.com/s/files/1/0387/1417/9628/products/GG0396O002_1.jpg?v=1625035074,square,56,female,gold,oblong,light,55,
6.54E+12,https://cdn.shopify.com/s/files/1/0387/1417/9628/products/KAO2027348_1.jpg?v=1614663567,square,58,male,gold,oblong,light,57,
5.31E+12,https://cdn.shopify.com/s/files/1/0387/1417/9628/products/KAO1927297_1.jpg?v=1603961455,aviator,55,female,black,oblong,light,54,
5.31E+12,https://cdn.shopify.com/s/files/1/0387/1417/9628/products/KAO2027322_1.jpg?v=1678325725,aviator,52,male,black,oblong,light,51,
5.31E+12,https://cdn.shopify.com/s/files/1/0387/1417/9628/products/KAO2027325_1.jpg?v=1678325757,aviator,57,male,gold,oblong,light,56,
5.31E+12,https://cdn.shopify.com/s/files/1/0387/1417/9628/products/LAO2028916_1_a4efa15d-1c75-443a-b770-92293d17a42f.jpg?v=1603956904,aviator,51,male,black,oblong,light,50,
5.31E+12,https://cdn.shopify.com/s/files/1/0387/1417/9628/products/LAO2028921_1.jpg?v=1603956933,aviator,53,male,black,oblong,light,52,
5.31E+12,https://cdn.shopify.com/s/files/1/0387/1417/9628/products/LSO1926567_1.jpg?v=1625028748,aviator,56,male,gold,oblong,light,55,
5.32E+12,https://cdn.shopify.com/s/files/1/0387/1417/9628/products/CBO1993051_1.jpg?v=1603959918,aviator,56,male,gold,oblong,light,55,
6.61E+12,https://cdn.shopify.com/s/files/1/0387/1417/9628/products/LSO2026670_1.jpg?v=1627360210,aviator,55,male,gold,oblong,light,54,
7.15E+12,https://cdn.shopify.com/s/files/1/0387/1417/9628/files/GG1442O002_1.jpg?v=1692776069,rectangle,55,male,gold,heart,light,54,
7.15E+12,https://cdn.shopify.com/s/files/1/0387/1417/9628/files/GG1476OK001_1.jpg?v=1689328302,rectangle,55,female,black,heart,light,54,
7.15E+12,https://cdn.shopify.com/s/files/1/0387/1417/9628/files/SL645F001_1.jpg?v=1692776167,rectangle,55,male,black,heart,light,54,
7.15E+12,https://cdn.shopify.com/s/files/1/0387/1417/9628/files/SL186BSLIM001_1.jpg?v=1689328751,rectangle,53,male,black,heart,light,52,
6.73E+12,https://cdn.shopify.com/s/files/1/0387/1417/9628/products/GG1129OJ001_1.jpg?v=1642644445,rectangle,52,female,black,heart,light,51,
6.58E+12,https://cdn.shopify.com/s/files/1/0387/1417/9628/products/GG0934OA001_1.jpg?v=1625040669,rectangle,54,male,black,heart,light,53,
5.35E+12,https://cdn.shopify.com/s/files/1/0387/1417/9628/files/ORP1900848_1.jpg?v=1705277314,rectangle,54,female,black,heart,light,53,
5.31E+12,https://cdn.shopify.com/s/files/1/0387/1417/9628/files/ORP1800833_1.jpg?v=1705277234,rectangle,52,female,gold,heart,light,51,
5.31E+12,https://cdn.shopify.com/s/files/1/0387/1417/9628/files/ORP1402964_1.jpg?v=1705277193,rectangle,51,female,brown,heart,light,50,
6.98E+12,https://cdn.shopify.com/s/files/1/0387/1417/9628/products/PU0064O001_1.jpg?v=1665630294,rectangle,54,male,blue,heart,light,53,
6.89E+12,https://cdn.shopify.com/s/files/1/0387/1417/9628/files/SL259011_1.jpg?v=1693463723,cat-eye,50,female,black,heart,light,49,
5.31E+12,https://cdn.shopify.com/s/files/1/0387/1417/9628/products/LAO2028903_1.jpg?v=1625028315,cat-eye,52,female,black,heart,light,51,
5.31E+12,https://cdn.shopify.com/s/files/1/0387/1417/9628/products/LSO1926520_1.jpg?v=1625028667,cat-eye,52,female,black,heart,light,51,
5.31E+12,https://cdn.shopify.com/s/files/1/0387/1417/9628/products/LSO1926615_1_9a43ecd1-cb4c-4af3-b9bb-d32eba384b83.jpg?v=1603958540,cat-eye,53,female,black,heart,light,52,
5.31E+12,https://cdn.shopify.com/s/files/1/0387/1417/9628/products/LSO2026616_1.jpg?v=1625028872,cat-eye,51,female,black,heart,light,50,
5.32E+12,https://cdn.shopify.com/s/files/1/0387/1417/9628/products/JHN1984794_1.jpg?v=1603967588,cat-eye,52,female,gold,heart,light,51,
6.61E+12,https://cdn.shopify.com/s/files/1/0387/1417/9628/products/ORP2100863_1.jpg?v=1627363005,cat-eye,54,female,brown,heart,light,53,
6.71E+12,https://cdn.shopify.com/s/files/1/0387/1417/9628/products/ORP2230806_1.jpg?v=1640299042,cat-eye,52,female,black,heart,light,51,
7.01E+12,https://cdn.shopify.com/s/files/1/0387/1417/9628/products/CAP2330502_1.jpg?v=1676354962,cat-eye,52,female,blue,heart,light,51,
7.15E+12,https://cdn.shopify.com/s/files/1/0387/1417/9628/files/GG1442O002_1.jpg?v=1692776069,rectangle,55,male,gold,round,light,54,
7.15E+12,https://cdn.shopify.com/s/files/1/0387/1417/9628/files/GG1476OK001_1.jpg?v=1689328302,rectangle,55,female,black,round,light,54,
7.15E+12,https://cdn.shopify.com/s/files/1/0387/1417/9628/files/SL645F001_1.jpg?v=1692776167,rectangle,55,male,black,round,light,54,
7.15E+12,https://cdn.shopify.com/s/files/1/0387/1417/9628/files/SL186BSLIM001_1.jpg?v=1689328751,rectangle,53,male,black,round,light,52,
6.73E+12,https://cdn.shopify.com/s/files/1/0387/1417/9628/products/GG1129OJ001_1.jpg?v=1642644445,rectangle,52,female,black,round,light,51,
6.58E+12,https://cdn.shopify.com/s/files/1/0387/1417/9628/products/GG0934OA001_1.jpg?v=1625040669,rectangle,54,male,black,round,light,53,
5.35E+12,https://cdn.shopify.com/s/files/1/0387/1417/9628/files/ORP1900848_1.jpg?v=1705277314,rectangle,54,female,black,round,light,53,
5.31E+12,https://cdn.shopify.com/s/files/1/0387/1417/9628/files/ORP1800833_1.jpg?v=1705277234,rectangle,52,female,gold,round,light,51,
5.31E+12,https://cdn.shopify.com/s/files/1/0387/1417/9628/files/ORP1402964_1.jpg?v=1705277193,rectangle,51,female,brown,round,light,50,
6.98E+12,https://cdn.shopify.com/s/files/1/0387/1417/9628/products/PU0064O001_1.jpg?v=1665630294,rectangle,54,male,blue,round,light,53,
5.31E+12,https://cdn.shopify.com/s/files/1/0387/1417/9628/products/KAO1927297_1.jpg?v=1603961455,aviator,55,female,black,round,light,54,
5.31E+12,https://cdn.shopify.com/s/files/1/0387/1417/9628/products/KAO2027322_1.jpg?v=1678325725,aviator,52,male,black,round,light,51,
5.31E+12,https://cdn.shopify.com/s/files/1/0387/1417/9628/products/KAO2027325_1.jpg?v=1678325757,aviator,57,male,gold,round,light,56,
5.31E+12,https://cdn.shopify.com/s/files/1/0387/1417/9628/products/LAO2028916_1_a4efa15d-1c75-443a-b770-92293d17a42f.jpg?v=1603956904,aviator,51,male,black,round,light,50,
5.31E+12,https://cdn.shopify.com/s/files/1/0387/1417/9628/products/LAO2028921_1.jpg?v=1603956933,aviator,53,male,black,round,light,52,
5.31E+12,https://cdn.shopify.com/s/files/1/0387/1417/9628/products/LSO1926567_1.jpg?v=1625028748,aviator,56,male,gold,round,light,55,
5.32E+12,https://cdn.shopify.com/s/files/1/0387/1417/9628/products/CBO1993051_1.jpg?v=1603959918,aviator,56,male,gold,round,light,55,
6.61E+12,https://cdn.shopify.com/s/files/1/0387/1417/9628/products/LSO2026670_1.jpg?v=1627360210,aviator,55,male,gold,round,light,54,
7.15E+12,https://cdn.shopify.com/s/files/1/0387/1417/9628/files/GG1442O002_1.jpg?v=1692776069,rectangle,55,male,gold,oval,dark,56,
7.15E+12,https://cdn.shopify.com/s/files/1/0387/1417/9628/files/GG1476OK001_1.jpg?v=1689328302,rectangle,55,female,black,oval,dark,56,
7.15E+12,https://cdn.shopify.com/s/files/1/0387/1417/9628/files/SL645F001_1.jpg?v=1692776167,rectangle,55,male,black,oval,dark,56,
7.15E+12,https://cdn.shopify.com/s/files/1/0387/1417/9628/files/SL186BSLIM001_1.jpg?v=1689328751,rectangle,53,male,black,oval,dark,54,
6.98E+12,https://cdn.shopify.com/s/files/1/0387/1417/9628/files/GG0566ON004_1.jpg?v=1693459054,rectangle,52,female,pink,oval,light,53,
6.73E+12,https://cdn.shopify.com/s/files/1/0387/1417/9628/products/GG1129OJ001_1.jpg?v=1642644445,rectangle,52,female,black,oval,dark,53,
6.58E+12,https://cdn.shopify.com/s/files/1/0387/1417/9628/products/GG0934OA001_1.jpg?v=1625040669,rectangle,54,male,black,oval,dark,55,
5.35E+12,https://cdn.shopify.com/s/files/1/0387/1417/9628/files/ORP1900849_1.jpg?v=1705277330,rectangle,53,female,pink,oval,light,54,
5.35E+12,https://cdn.shopify.com/s/files/1/0387/1417/9628/files/ORP1900848_1.jpg?v=1705277314,rectangle,54,female,black,oval,dark,55,
5.31E+12,https://cdn.shopify.com/s/files/1/0387/1417/9628/files/ORP1800833_1.jpg?v=1705277234,rectangle,52,female,gold,oval,dark,53,
5.31E+12,https://cdn.shopify.com/s/files/1/0387/1417/9628/files/ORP1402964_1.jpg?v=1705277193,rectangle,51,female,brown,oval,dark,52,
6.98E+12,https://cdn.shopify.com/s/files/1/0387/1417/9628/products/PU0064O001_1.jpg?v=1665630294,rectangle,54,male,blue,oval,dark,55,
7.15E+12,https://cdn.shopify.com/s/files/1/0387/1417/9628/files/SL532004_1.jpg?v=1693463927,round,53,male,black,oval,dark,54,
7.06E+12,https://cdn.shopify.com/s/files/1/0387/1417/9628/products/GG1349O003_1.jpg?v=1674802099,round,53,male,gold,oval,dark,54,
6.98E+12,https://cdn.shopify.com/s/files/1/0387/1417/9628/products/GG1145O003_1.jpg?v=1665625175,round,54,female,gold,oval,dark,55,
6.61E+12,https://cdn.shopify.com/s/files/1/0387/1417/9628/files/SLM96001_1.jpg?v=1702266002,round,55,female,black,oval,dark,56,
6.61E+12,https://cdn.shopify.com/s/files/1/0387/1417/9628/products/SL471001_1.jpg?v=1658797459,round,53,female,black,oval,dark,54,
5.31E+12,https://cdn.shopify.com/s/files/1/0387/1417/9628/products/KAO1927270_1_bf7de9ae-ced6-47d0-a1ab-4b15a74ce714.jpg?v=1603961277,round,51,female,pink,oval,light,52,
5.31E+12,https://cdn.shopify.com/s/files/1/0387/1417/9628/products/KAO1927303_1_4f62b72a-d63f-43e0-a8ce-d19f36ac4e67.jpg?v=1603961490,round,51,male,gold,oval,dark,52,
5.31E+12,https://cdn.shopify.com/s/files/1/0387/1417/9628/products/KAO2027316_1.jpg?v=1678325680,round,53,male,black,oval,dark,54,
5.31E+12,https://cdn.shopify.com/s/files/1/0387/1417/9628/products/KAO2027329_1_614ba48a-434f-47d9-ac53-d4cb79fde9f9.jpg?v=1603961743,round,54,female,pink,oval,light,55,
5.31E+12,https://cdn.shopify.com/s/files/1/0387/1417/9628/products/LAO2028918_1.jpg?v=1625028365,round,51,male,black,oval,dark,52,
5.31E+12,https://cdn.shopify.com/s/files/1/0387/1417/9628/products/LAO2028926_1.jpg?v=1625028385,round,53,male,gold,oval,dark,54,
5.31E+12,https://cdn.shopify.com/s/files/1/0387/1417/9628/products/LAO2028927_1.jpg?v=1603956969,round,58,female,green,oval,dark,59,
7.01E+12,https://cdn.shopify.com/s/files/1/0387/1417/9628/products/LSO2351508_1.jpg?v=1671066561,d-frame,52,male,black,oval,dark,53,
6.87E+12,https://cdn.shopify.com/s/files/1/0387/1417/9628/products/ORP2230834_1.jpg?v=1673484750,d-frame,54,female,green,oval,dark,55,
6.85E+12,https://cdn.shopify.com/s/files/1/0387/1417/9628/products/ORP2230821_1.jpg?v=1652845657,d-frame,49,female,blue,oval,dark,50,
6.61E+12,https://cdn.shopify.com/s/files/1/0387/1417/9628/products/SL482001_1.jpg?v=1627363251,d-frame,54,female,black,oval,dark,55,
6.58E+12,https://cdn.shopify.com/s/files/1/0387/1417/9628/products/SL454001_1.jpg?v=1628728297,d-frame,56,male,black,oval,dark,57,
5.42E+12,https://cdn.shopify.com/s/files/1/0387/1417/9628/products/GG0826O004_1.jpg?v=1625037664,d-frame,55,male,black,oval,dark,56,
5.35E+12,https://cdn.shopify.com/s/files/1/0387/1417/9628/files/GG0548O005_1.jpg?v=1693458478,d-frame,55,female,black,oval,dark,56,
5.31E+12,https://cdn.shopify.com/s/files/1/0387/1417/9628/files/ORP1702867_1.jpg?v=1705277221,d-frame,51,female,pink,oval,light,52,
5.31E+12,https://cdn.shopify.com/s/files/1/0387/1417/9628/products/KAO2027310_1_9df8fc58-6b1d-4574-a0f4-f0cd8d2cef30.jpg?v=1603961528,d-frame,49,male,black,oval,dark,50,
6.87E+12,https://cdn.shopify.com/s/files/1/0387/1417/9628/products/ORP1830836_1.jpg?v=1673484649,d-frame,53,female,brown,oval,dark,54,
6.98E+12,https://cdn.shopify.com/s/files/1/0387/1417/9628/products/SL345001_1.jpg?v=1665630386,square,55,male,black,oval,dark,56,
6.89E+12,https://cdn.shopify.com/s/files/1/0387/1417/9628/products/GG1231OA001_1.jpg?v=1659427665,square,55,male,gold,oval,dark,56,
6.89E+12,https://cdn.shopify.com/s/files/1/0387/1417/9628/products/GG1230OA002_1.jpg?v=1659427659,square,53,male,black,oval,dark,54,
6.89E+12,https://cdn.shopify.com/s/files/1/0387/1417/9628/products/GG1213OA004_1.jpg?v=1659335673,square,55,female,black,oval,dark,56,
6.89E+12,https://cdn.shopify.com/s/files/1/0387/1417/9628/products/GG1209O002_1.jpg?v=1659335667,square,57,male,gold,oval,dark,58,
6.89E+12,https://cdn.shopify.com/s/files/1/0387/1417/9628/products/GG1192O004_1.jpg?v=1659427481,square,53,female,black,oval,dark,54,
6.73E+12,https://cdn.shopify.com/s/files/1/0387/1417/9628/products/GG1125OA002_1.jpg?v=1642644428,square,53,male,gold,oval,dark,54,
6.73E+12,https://cdn.shopify.com/s/files/1/0387/1417/9628/products/GG1124OA001_1.jpg?v=1642644418,square,55,male,black,oval,dark,56,
6.57E+12,https://cdn.shopify.com/s/files/1/0387/1417/9628/products/GG0958O005_1.jpg?v=1620884597,square,52,female,black,oval,dark,53,
5.35E+12,https://cdn.shopify.com/s/files/1/0387/1417/9628/products/GG0396O002_1.jpg?v=1625035074,square,56,female,gold,oval,dark,57,
5.33E+12,https://cdn.shopify.com/s/files/1/0387/1417/9628/products/KAO1927280_1.jpg?v=1625032334,square,51,female,green,oval,dark,52,
6.54E+12,https://cdn.shopify.com/s/files/1/0387/1417/9628/products/KAO2027348_1.jpg?v=1614663567,square,58,male,gold,oval,dark,59,
6.89E+12,https://cdn.shopify.com/s/files/1/0387/1417/9628/files/SL259011_1.jpg?v=1693463723,cat-eye,50,female,black,oval,dark,51,
5.31E+12,https://cdn.shopify.com/s/files/1/0387/1417/9628/products/LAO2028903_1.jpg?v=1625028315,cat-eye,52,female,black,oval,dark,53,
5.31E+12,https://cdn.shopify.com/s/files/1/0387/1417/9628/products/LSO1926520_1.jpg?v=1625028667,cat-eye,52,female,black,oval,dark,53,
5.31E+12,https://cdn.shopify.com/s/files/1/0387/1417/9628/products/LSO1926615_1_9a43ecd1-cb4c-4af3-b9bb-d32eba384b83.jpg?v=1603958540,cat-eye,53,female,black,oval,dark,54,
5.31E+12,https://cdn.shopify.com/s/files/1/0387/1417/9628/products/LSO2026616_1.jpg?v=1625028872,cat-eye,51,female,black,oval,dark,52,
5.32E+12,https://cdn.shopify.com/s/files/1/0387/1417/9628/products/JHN1984794_1.jpg?v=1603967588,cat-eye,52,female,gold,oval,dark,53,
5.35E+12,https://cdn.shopify.com/s/files/1/0387/1417/9628/products/LSO2026657_1.jpg?v=1603976817,cat-eye,54,female,green,oval,dark,55,
6.61E+12,https://cdn.shopify.com/s/files/1/0387/1417/9628/products/ORP2100863_1.jpg?v=1627363005,cat-eye,54,female,brown,oval,dark,55,
6.71E+12,https://cdn.shopify.com/s/files/1/0387/1417/9628/products/ORP2230806_1.jpg?v=1640299042,cat-eye,52,female,black,oval,dark,53,
6.88E+12,https://cdn.shopify.com/s/files/1/0387/1417/9628/products/ORP2000843_1.jpg?v=1656041689,cat-eye,49,female,green,oval,dark,50,
7.01E+12,https://cdn.shopify.com/s/files/1/0387/1417/9628/files/CAP2330501_1.jpg?v=1689921269,cat-eye,52,female,green,oval,dark,53,
7.01E+12,https://cdn.shopify.com/s/files/1/0387/1417/9628/products/CAP2330502_1.jpg?v=1676354962,cat-eye,52,female,blue,oval,dark,53,
5.31E+12,https://cdn.shopify.com/s/files/1/0387/1417/9628/products/KAO1927297_1.jpg?v=1603961455,aviator,55,female,black,oval,dark,56,
5.31E+12,https://cdn.shopify.com/s/files/1/0387/1417/9628/products/KAO2027322_1.jpg?v=1678325725,aviator,52,male,black,oval,dark,53,
5.31E+12,https://cdn.shopify.com/s/files/1/0387/1417/9628/products/KAO2027325_1.jpg?v=1678325757,aviator,57,male,gold,oval,dark,58,
5.31E+12,https://cdn.shopify.com/s/files/1/0387/1417/9628/products/LAO2028916_1_a4efa15d-1c75-443a-b770-92293d17a42f.jpg?v=1603956904,aviator,51,male,black,oval,dark,52,
5.31E+12,https://cdn.shopify.com/s/files/1/0387/1417/9628/products/LAO2028921_1.jpg?v=1603956933,aviator,53,male,black,oval,dark,54,
5.31E+12,https://cdn.shopify.com/s/files/1/0387/1417/9628/products/LSO1926564_1.jpg?v=1625028736,aviator,54,female,pink,oval,light,55,
5.31E+12,https://cdn.shopify.com/s/files/1/0387/1417/9628/products/LSO1926567_1.jpg?v=1625028748,aviator,56,male,gold,oval,dark,57,
5.32E+12,https://cdn.shopify.com/s/files/1/0387/1417/9628/products/CBO1993051_1.jpg?v=1603959918,aviator,56,male,gold,oval,dark,57,
6.61E+12,https://cdn.shopify.com/s/files/1/0387/1417/9628/products/LSO2026670_1.jpg?v=1627360210,aviator,55,male,gold,oval,dark,56,
7.15E+12,https://cdn.shopify.com/s/files/1/0387/1417/9628/files/GG1442O002_1.jpg?v=1692776069,rectangle,55,male,gold,square,dark,56,
7.15E+12,https://cdn.shopify.com/s/files/1/0387/1417/9628/files/SL532004_1.jpg?v=1693463927,round,53,male,black,square,dark,54,
7.06E+12,https://cdn.shopify.com/s/files/1/0387/1417/9628/products/GG1349O003_1.jpg?v=1674802099,round,53,male,gold,square,dark,54,
6.98E+12,https://cdn.shopify.com/s/files/1/0387/1417/9628/products/GG1145O003_1.jpg?v=1665625175,round,54,female,gold,square,dark,55,
6.61E+12,https://cdn.shopify.com/s/files/1/0387/1417/9628/files/SLM96001_1.jpg?v=1702266002,round,55,female,black,square,dark,56,
6.61E+12,https://cdn.shopify.com/s/files/1/0387/1417/9628/products/SL471001_1.jpg?v=1658797459,round,53,female,black,square,dark,54,
5.31E+12,https://cdn.shopify.com/s/files/1/0387/1417/9628/products/KAO1927270_1_bf7de9ae-ced6-47d0-a1ab-4b15a74ce714.jpg?v=1603961277,round,51,female,pink,square,light,52,
5.31E+12,https://cdn.shopify.com/s/files/1/0387/1417/9628/products/KAO1927303_1_4f62b72a-d63f-43e0-a8ce-d19f36ac4e67.jpg?v=1603961490,round,51,male,gold,square,dark,52,
5.31E+12,https://cdn.shopify.com/s/files/1/0387/1417/9628/products/KAO2027316_1.jpg?v=1678325680,round,53,male,black,square,dark,54,
5.31E+12,https://cdn.shopify.com/s/files/1/0387/1417/9628/products/KAO2027329_1_614ba48a-434f-47d9-ac53-d4cb79fde9f9.jpg?v=1603961743,round,54,female,pink,square,light,55,
5.31E+12,https://cdn.shopify.com/s/files/1/0387/1417/9628/products/LAO2028918_1.jpg?v=1625028365,round,51,male,black,square,dark,52,
5.31E+12,https://cdn.shopify.com/s/files/1/0387/1417/9628/products/LAO2028926_1.jpg?v=1625028385,round,53,male,gold,square,dark,54,
5.31E+12,https://cdn.shopify.com/s/files/1/0387/1417/9628/products/LAO2028927_1.jpg?v=1603956969,round,58,female,green,square,dark,59,
7.15E+12,https://cdn.shopify.com/s/files/1/0387/1417/9628/files/GG1442O002_1.jpg?v=1692776069,rectangle,55,male,gold,oblong,dark,56,
6.98E+12,https://cdn.shopify.com/s/files/1/0387/1417/9628/products/SL345001_1.jpg?v=1665630386,square,55,male,black,oblong,dark,56,
6.89E+12,https://cdn.shopify.com/s/files/1/0387/1417/9628/products/GG1231OA001_1.jpg?v=1659427665,square,55,male,gold,oblong,dark,56,
6.89E+12,https://cdn.shopify.com/s/files/1/0387/1417/9628/products/GG1230OA002_1.jpg?v=1659427659,square,53,male,black,oblong,dark,54,
6.89E+12,https://cdn.shopify.com/s/files/1/0387/1417/9628/products/GG1213OA004_1.jpg?v=1659335673,square,55,female,black,oblong,dark,56,
6.89E+12,https://cdn.shopify.com/s/files/1/0387/1417/9628/products/GG1209O002_1.jpg?v=1659335667,square,57,male,gold,oblong,dark,58,
6.89E+12,https://cdn.shopify.com/s/files/1/0387/1417/9628/products/GG1192O004_1.jpg?v=1659427481,square,53,female,black,oblong,dark,54,
6.73E+12,https://cdn.shopify.com/s/files/1/0387/1417/9628/products/GG1125OA002_1.jpg?v=1642644428,square,53,male,gold,oblong,dark,54,
6.73E+12,https://cdn.shopify.com/s/files/1/0387/1417/9628/products/GG1124OA001_1.jpg?v=1642644418,square,55,male,black,oblong,dark,56,
6.57E+12,https://cdn.shopify.com/s/files/1/0387/1417/9628/products/GG0958O005_1.jpg?v=1620884597,square,52,female,black,oblong,dark,53,
5.35E+12,https://cdn.shopify.com/s/files/1/0387/1417/9628/products/GG0396O002_1.jpg?v=1625035074,square,56,female,gold,oblong,dark,57,
5.33E+12,https://cdn.shopify.com/s/files/1/0387/1417/9628/products/KAO1927280_1.jpg?v=1625032334,square,51,female,green,oblong,dark,52,
6.54E+12,https://cdn.shopify.com/s/files/1/0387/1417/9628/products/KAO2027348_1.jpg?v=1614663567,square,58,male,gold,oblong,dark,59,
5.31E+12,https://cdn.shopify.com/s/files/1/0387/1417/9628/products/KAO1927297_1.jpg?v=1603961455,aviator,55,female,black,oblong,dark,56,
5.31E+12,https://cdn.shopify.com/s/files/1/0387/1417/9628/products/KAO2027322_1.jpg?v=1678325725,aviator,52,male,black,oblong,dark,53,
5.31E+12,https://cdn.shopify.com/s/files/1/0387/1417/9628/products/KAO2027325_1.jpg?v=1678325757,aviator,57,male,gold,oblong,dark,58,
5.31E+12,https://cdn.shopify.com/s/files/1/0387/1417/9628/products/LAO2028916_1_a4efa15d-1c75-443a-b770-92293d17a42f.jpg?v=1603956904,aviator,51,male,black,oblong,dark,52,
5.31E+12,https://cdn.shopify.com/s/files/1/0387/1417/9628/products/LAO2028921_1.jpg?v=1603956933,aviator,53,male,black,oblong,dark,54,
5.31E+12,https://cdn.shopify.com/s/files/1/0387/1417/9628/products/LSO1926564_1.jpg?v=1625028736,aviator,54,female,pink,oblong,light,55,
5.31E+12,https://cdn.shopify.com/s/files/1/0387/1417/9628/products/LSO1926567_1.jpg?v=1625028748,aviator,56,male,gold,oblong,dark,57,
5.32E+12,https://cdn.shopify.com/s/files/1/0387/1417/9628/products/CBO1993051_1.jpg?v=1603959918,aviator,56,male,gold,oblong,dark,57,
6.61E+12,https://cdn.shopify.com/s/files/1/0387/1417/9628/products/LSO2026670_1.jpg?v=1627360210,aviator,55,male,gold,oblong,dark,56,
7.15E+12,https://cdn.shopify.com/s/files/1/0387/1417/9628/files/GG1442O002_1.jpg?v=1692776069,rectangle,55,male,gold,heart,dark,56,
7.15E+12,https://cdn.shopify.com/s/files/1/0387/1417/9628/files/GG1476OK001_1.jpg?v=1689328302,rectangle,55,female,black,heart,dark,56,
7.15E+12,https://cdn.shopify.com/s/files/1/0387/1417/9628/files/SL645F001_1.jpg?v=1692776167,rectangle,55,male,black,heart,dark,56,
7.15E+12,https://cdn.shopify.com/s/files/1/0387/1417/9628/files/SL186BSLIM001_1.jpg?v=1689328751,rectangle,53,male,black,heart,dark,54,
6.98E+12,https://cdn.shopify.com/s/files/1/0387/1417/9628/files/GG0566ON004_1.jpg?v=1693459054,rectangle,52,female,pink,heart,light,53,
6.73E+12,https://cdn.shopify.com/s/files/1/0387/1417/9628/products/GG1129OJ001_1.jpg?v=1642644445,rectangle,52,female,black,heart,dark,53,
6.58E+12,https://cdn.shopify.com/s/files/1/0387/1417/9628/products/GG0934OA001_1.jpg?v=1625040669,rectangle,54,male,black,heart,dark,55,
5.35E+12,https://cdn.shopify.com/s/files/1/0387/1417/9628/files/ORP1900849_1.jpg?v=1705277330,rectangle,53,female,pink,heart,light,54,
5.35E+12,https://cdn.shopify.com/s/files/1/0387/1417/9628/files/ORP1900848_1.jpg?v=1705277314,rectangle,54,female,black,heart,dark,55,
5.31E+12,https://cdn.shopify.com/s/files/1/0387/1417/9628/files/ORP1800833_1.jpg?v=1705277234,rectangle,52,female,gold,heart,dark,53,
5.31E+12,https://cdn.shopify.com/s/files/1/0387/1417/9628/files/ORP1402964_1.jpg?v=1705277193,rectangle,51,female,brown,heart,dark,52,
6.98E+12,https://cdn.shopify.com/s/files/1/0387/1417/9628/products/PU0064O001_1.jpg?v=1665630294,rectangle,54,male,blue,heart,dark,55,
6.89E+12,https://cdn.shopify.com/s/files/1/0387/1417/9628/files/SL259011_1.jpg?v=1693463723,cat-eye,50,female,black,heart,dark,51,
5.31E+12,https://cdn.shopify.com/s/files/1/0387/1417/9628/products/LAO2028903_1.jpg?v=1625028315,cat-eye,52,female,black,heart,dark,53,
5.31E+12,https://cdn.shopify.com/s/files/1/0387/1417/9628/products/LSO1926520_1.jpg?v=1625028667,cat-eye,52,female,black,heart,dark,53,
5.31E+12,https://cdn.shopify.com/s/files/1/0387/1417/9628/products/LSO1926615_1_9a43ecd1-cb4c-4af3-b9bb-d32eba384b83.jpg?v=1603958540,cat-eye,53,female,black,heart,dark,54,
5.31E+12,https://cdn.shopify.com/s/files/1/0387/1417/9628/products/LSO2026616_1.jpg?v=1625028872,cat-eye,51,female,black,heart,dark,52,
5.32E+12,https://cdn.shopify.com/s/files/1/0387/1417/9628/products/JHN1984794_1.jpg?v=1603967588,cat-eye,52,female,gold,heart,dark,53,
5.35E+12,https://cdn.shopify.com/s/files/1/0387/1417/9628/products/LSO2026657_1.jpg?v=1603976817,cat-eye,54,female,green,heart,dark,55,
6.61E+12,https://cdn.shopify.com/s/files/1/0387/1417/9628/products/ORP2100863_1.jpg?v=1627363005,cat-eye,54,female,brown,heart,dark,55,
6.71E+12,https://cdn.shopify.com/s/files/1/0387/1417/9628/products/ORP2230806_1.jpg?v=1640299042,cat-eye,52,female,black,heart,dark,53,
6.88E+12,https://cdn.shopify.com/s/files/1/0387/1417/9628/products/ORP2000843_1.jpg?v=1656041689,cat-eye,49,female,green,heart,dark,50,
7.01E+12,https://cdn.shopify.com/s/files/1/0387/1417/9628/files/CAP2330501_1.jpg?v=1689921269,cat-eye,52,female,green,heart,dark,53,
7.01E+12,https://cdn.shopify.com/s/files/1/0387/1417/9628/products/CAP2330502_1.jpg?v=1676354962,cat-eye,52,female,blue,heart,dark,53,
7.15E+12,https://cdn.shopify.com/s/files/1/0387/1417/9628/files/GG1442O002_1.jpg?v=1692776069,rectangle,55,male,gold,round,dark,56,
7.15E+12,https://cdn.shopify.com/s/files/1/0387/1417/9628/files/GG1476OK001_1.jpg?v=1689328302,rectangle,55,female,black,round,dark,56,
7.15E+12,https://cdn.shopify.com/s/files/1/0387/1417/9628/files/SL645F001_1.jpg?v=1692776167,rectangle,55,male,black,round,dark,56,
7.15E+12,https://cdn.shopify.com/s/files/1/0387/1417/9628/files/SL186BSLIM001_1.jpg?v=1689328751,rectangle,53,male,black,round,dark,54,
6.98E+12,https://cdn.shopify.com/s/files/1/0387/1417/9628/files/GG0566ON004_1.jpg?v=1693459054,rectangle,52,female,pink,round,light,53,
6.73E+12,https://cdn.shopify.com/s/files/1/0387/1417/9628/products/GG1129OJ001_1.jpg?v=1642644445,rectangle,52,female,black,round,dark,53,
6.58E+12,https://cdn.shopify.com/s/files/1/0387/1417/9628/products/GG0934OA001_1.jpg?v=1625040669,rectangle,54,male,black,round,dark,55,
5.35E+12,https://cdn.shopify.com/s/files/1/0387/1417/9628/files/ORP1900849_1.jpg?v=1705277330,rectangle,53,female,pink,round,light,54,
5.35E+12,https://cdn.shopify.com/s/files/1/0387/1417/9628/files/ORP1900848_1.jpg?v=1705277314,rectangle,54,female,black,round,dark,55,
5.31E+12,https://cdn.shopify.com/s/files/1/0387/1417/9628/files/ORP1800833_1.jpg?v=1705277234,rectangle,52,female,gold,round,dark,53,
5.31E+12,https://cdn.shopify.com/s/files/1/0387/1417/9628/files/ORP1402964_1.jpg?v=1705277193,rectangle,51,female,brown,round,dark,52,
6.98E+12,https://cdn.shopify.com/s/files/1/0387/1417/9628/products/PU0064O001_1.jpg?v=1665630294,rectangle,54,male,blue,round,dark,55,
5.31E+12,https://cdn.shopify.com/s/files/1/0387/1417/9628/products/KAO1927297_1.jpg?v=1603961455,aviator,55,female,black,round,dark,56,
5.31E+12,https://cdn.shopify.com/s/files/1/0387/1417/9628/products/KAO2027322_1.jpg?v=1678325725,aviator,52,male,black,round,dark,53,
5.31E+12,https://cdn.shopify.com/s/files/1/0387/1417/9628/products/KAO2027325_1.jpg?v=1678325757,aviator,57,male,gold,round,dark,58,
5.31E+12,https://cdn.shopify.com/s/files/1/0387/1417/9628/products/LAO2028916_1_a4efa15d-1c75-443a-b770-92293d17a42f.jpg?v=1603956904,aviator,51,male,black,round,dark,52,
5.31E+12,https://cdn.shopify.com/s/files/1/0387/1417/9628/products/LAO2028921_1.jpg?v=1603956933,aviator,53,male,black,round,dark,54,
5.31E+12,https://cdn.shopify.com/s/files/1/0387/1417/9628/products/LSO1926564_1.jpg?v=1625028736,aviator,54,female,pink,round,light,55,
5.31E+12,https://cdn.shopify.com/s/files/1/0387/1417/9628/products/LSO1926567_1.jpg?v=1625028748,aviator,56,male,gold,round,dark,57,
5.32E+12,https://cdn.shopify.com/s/files/1/0387/1417/9628/products/CBO1993051_1.jpg?v=1603959918,aviator,56,male,gold,round,dark,57,
6.61E+12,https://cdn.shopify.com/s/files/1/0387/1417/9628/products/LSO2026670_1.jpg?v=1627360210,aviator,55,male,gold,round,dark,56,
7.15E+12,https://cdn.shopify.com/s/files/1/0387/1417/9628/files/GG1442O002_1.jpg?v=1692776069,rectangle,55,male,gold,oval,light,56,
7.15E+12,https://cdn.shopify.com/s/files/1/0387/1417/9628/files/GG1476OK001_1.jpg?v=1689328302,rectangle,55,female,black,oval,light,56,
7.15E+12,https://cdn.shopify.com/s/files/1/0387/1417/9628/files/SL645F001_1.jpg?v=1692776167,rectangle,55,male,black,oval,light,56,
7.15E+12,https://cdn.shopify.com/s/files/1/0387/1417/9628/files/SL186BSLIM001_1.jpg?v=1689328751,rectangle,53,male,black,oval,light,54,
6.73E+12,https://cdn.shopify.com/s/files/1/0387/1417/9628/products/GG1129OJ001_1.jpg?v=1642644445,rectangle,52,female,black,oval,light,53,
6.58E+12,https://cdn.shopify.com/s/files/1/0387/1417/9628/products/GG0934OA001_1.jpg?v=1625040669,rectangle,54,male,black,oval,light,55,
5.35E+12,https://cdn.shopify.com/s/files/1/0387/1417/9628/files/ORP1900848_1.jpg?v=1705277314,rectangle,54,female,black,oval,light,55,
5.31E+12,https://cdn.shopify.com/s/files/1/0387/1417/9628/files/ORP1800833_1.jpg?v=1705277234,rectangle,52,female,gold,oval,light,53,
5.31E+12,https://cdn.shopify.com/s/files/1/0387/1417/9628/files/ORP1402964_1.jpg?v=1705277193,rectangle,51,female,brown,oval,light,52,
6.98E+12,https://cdn.shopify.com/s/files/1/0387/1417/9628/products/PU0064O001_1.jpg?v=1665630294,rectangle,54,male,blue,oval,light,55,
7.15E+12,https://cdn.shopify.com/s/files/1/0387/1417/9628/files/SL532004_1.jpg?v=1693463927,round,53,male,black,oval,light,54,
7.06E+12,https://cdn.shopify.com/s/files/1/0387/1417/9628/products/GG1349O003_1.jpg?v=1674802099,round,53,male,gold,oval,light,54,
6.98E+12,https://cdn.shopify.com/s/files/1/0387/1417/9628/products/GG1145O003_1.jpg?v=1665625175,round,54,female,gold,oval,light,55,
6.61E+12,https://cdn.shopify.com/s/files/1/0387/1417/9628/files/SLM96001_1.jpg?v=1702266002,round,55,female,black,oval,light,56,
6.61E+12,https://cdn.shopify.com/s/files/1/0387/1417/9628/products/SL471001_1.jpg?v=1658797459,round,53,female,black,oval,light,54,
5.31E+12,https://cdn.shopify.com/s/files/1/0387/1417/9628/products/KAO1927303_1_4f62b72a-d63f-43e0-a8ce-d19f36ac4e67.jpg?v=1603961490,round,51,male,gold,oval,light,52,
5.31E+12,https://cdn.shopify.com/s/files/1/0387/1417/9628/products/KAO2027316_1.jpg?v=1678325680,round,53,male,black,oval,light,54,
5.31E+12,https://cdn.shopify.com/s/files/1/0387/1417/9628/products/LAO2028918_1.jpg?v=1625028365,round,51,male,black,oval,light,52,
5.31E+12,https://cdn.shopify.com/s/files/1/0387/1417/9628/products/LAO2028926_1.jpg?v=1625028385,round,53,male,gold,oval,light,54,
7.01E+12,https://cdn.shopify.com/s/files/1/0387/1417/9628/products/LSO2351508_1.jpg?v=1671066561,d-frame,52,male,black,oval,light,53,
6.85E+12,https://cdn.shopify.com/s/files/1/0387/1417/9628/products/ORP2230821_1.jpg?v=1652845657,d-frame,49,female,blue,oval,light,50,
6.61E+12,https://cdn.shopify.com/s/files/1/0387/1417/9628/products/SL482001_1.jpg?v=1627363251,d-frame,54,female,black,oval,light,55,
6.58E+12,https://cdn.shopify.com/s/files/1/0387/1417/9628/products/SL454001_1.jpg?v=1628728297,d-frame,56,male,black,oval,light,57,
5.42E+12,https://cdn.shopify.com/s/files/1/0387/1417/9628/products/GG0826O004_1.jpg?v=1625037664,d-frame,55,male,black,oval,light,56,
5.35E+12,https://cdn.shopify.com/s/files/1/0387/1417/9628/files/GG0548O005_1.jpg?v=1693458478,d-frame,55,female,black,oval,light,56,
5.31E+12,https://cdn.shopify.com/s/files/1/0387/1417/9628/products/KAO2027310_1_9df8fc58-6b1d-4574-a0f4-f0cd8d2cef30.jpg?v=1603961528,d-frame,49,male,black,oval,light,50,
6.87E+12,https://cdn.shopify.com/s/files/1/0387/1417/9628/products/ORP1830836_1.jpg?v=1673484649,d-frame,53,female,brown,oval,light,54,
6.98E+12,https://cdn.shopify.com/s/files/1/0387/1417/9628/products/SL345001_1.jpg?v=1665630386,square,55,male,black,oval,light,56,
6.89E+12,https://cdn.shopify.com/s/files/1/0387/1417/9628/products/GG1231OA001_1.jpg?v=1659427665,square,55,male,gold,oval,light,56,
6.89E+12,https://cdn.shopify.com/s/files/1/0387/1417/9628/products/GG1230OA002_1.jpg?v=1659427659,square,53,male,black,oval,light,54,
6.89E+12,https://cdn.shopify.com/s/files/1/0387/1417/9628/products/GG1213OA004_1.jpg?v=1659335673,square,55,female,black,oval,light,56,
6.89E+12,https://cdn.shopify.com/s/files/1/0387/1417/9628/products/GG1209O002_1.jpg?v=1659335667,square,57,male,gold,oval,light,58,
6.89E+12,https://cdn.shopify.com/s/files/1/0387/1417/9628/products/GG1192O004_1.jpg?v=1659427481,square,53,female,black,oval,light,54,
6.73E+12,https://cdn.shopify.com/s/files/1/0387/1417/9628/products/GG1125OA002_1.jpg?v=1642644428,square,53,male,gold,oval,light,54,
6.73E+12,https://cdn.shopify.com/s/files/1/0387/1417/9628/products/GG1124OA001_1.jpg?v=1642644418,square,55,male,black,oval,light,56,
6.57E+12,https://cdn.shopify.com/s/files/1/0387/1417/9628/products/GG0958O005_1.jpg?v=1620884597,square,52,female,black,oval,light,53,
5.35E+12,https://cdn.shopify.com/s/files/1/0387/1417/9628/products/GG0396O002_1.jpg?v=1625035074,square,56,female,gold,oval,light,57,
6.54E+12,https://cdn.shopify.com/s/files/1/0387/1417/9628/products/KAO2027348_1.jpg?v=1614663567,square,58,male,gold,oval,light,59,
6.89E+12,https://cdn.shopify.com/s/files/1/0387/1417/9628/files/SL259011_1.jpg?v=1693463723,cat-eye,50,female,black,oval,light,51,
5.31E+12,https://cdn.shopify.com/s/files/1/0387/1417/9628/products/LAO2028903_1.jpg?v=1625028315,cat-eye,52,female,black,oval,light,53,
5.31E+12,https://cdn.shopify.com/s/files/1/0387/1417/9628/products/LSO1926520_1.jpg?v=1625028667,cat-eye,52,female,black,oval,light,53,
5.31E+12,https://cdn.shopify.com/s/files/1/0387/1417/9628/products/LSO1926615_1_9a43ecd1-cb4c-4af3-b9bb-d32eba384b83.jpg?v=1603958540,cat-eye,53,female,black,oval,light,54,
5.31E+12,https://cdn.shopify.com/s/files/1/0387/1417/9628/products/LSO2026616_1.jpg?v=1625028872,cat-eye,51,female,black,oval,light,52,
5.32E+12,https://cdn.shopify.com/s/files/1/0387/1417/9628/products/JHN1984794_1.jpg?v=1603967588,cat-eye,52,female,gold,oval,light,53,
6.61E+12,https://cdn.shopify.com/s/files/1/0387/1417/9628/products/ORP2100863_1.jpg?v=1627363005,cat-eye,54,female,brown,oval,light,55,
6.71E+12,https://cdn.shopify.com/s/files/1/0387/1417/9628/products/ORP2230806_1.jpg?v=1640299042,cat-eye,52,female,black,oval,light,53,
7.01E+12,https://cdn.shopify.com/s/files/1/0387/1417/9628/products/CAP2330502_1.jpg?v=1676354962,cat-eye,52,female,blue,oval,light,53,
5.31E+12,https://cdn.shopify.com/s/files/1/0387/1417/9628/products/KAO1927297_1.jpg?v=1603961455,aviator,55,female,black,oval,light,56,
5.31E+12,https://cdn.shopify.com/s/files/1/0387/1417/9628/products/KAO2027322_1.jpg?v=1678325725,aviator,52,male,black,oval,light,53,
5.31E+12,https://cdn.shopify.com/s/files/1/0387/1417/9628/products/KAO2027325_1.jpg?v=1678325757,aviator,57,male,gold,oval,light,58,
5.31E+12,https://cdn.shopify.com/s/files/1/0387/1417/9628/products/LAO2028916_1_a4efa15d-1c75-443a-b770-92293d17a42f.jpg?v=1603956904,aviator,51,male,black,oval,light,52,
5.31E+12,https://cdn.shopify.com/s/files/1/0387/1417/9628/products/LAO2028921_1.jpg?v=1603956933,aviator,53,male,black,oval,light,54,
5.31E+12,https://cdn.shopify.com/s/files/1/0387/1417/9628/products/LSO1926567_1.jpg?v=1625028748,aviator,56,male,gold,oval,light,57,
5.32E+12,https://cdn.shopify.com/s/files/1/0387/1417/9628/products/CBO1993051_1.jpg?v=1603959918,aviator,56,male,gold,oval,light,57,
6.61E+12,https://cdn.shopify.com/s/files/1/0387/1417/9628/products/LSO2026670_1.jpg?v=1627360210,aviator,55,male,gold,oval,light,56,
7.15E+12,https://cdn.shopify.com/s/files/1/0387/1417/9628/files/GG1442O002_1.jpg?v=1692776069,rectangle,55,male,gold,square,light,56,
7.15E+12,https://cdn.shopify.com/s/files/1/0387/1417/9628/files/SL532004_1.jpg?v=1693463927,round,53,male,black,square,light,54,
7.06E+12,https://cdn.shopify.com/s/files/1/0387/1417/9628/products/GG1349O003_1.jpg?v=1674802099,round,53,male,gold,square,light,54,
6.98E+12,https://cdn.shopify.com/s/files/1/0387/1417/9628/products/GG1145O003_1.jpg?v=1665625175,round,54,female,gold,square,light,55,
6.61E+12,https://cdn.shopify.com/s/files/1/0387/1417/9628/files/SLM96001_1.jpg?v=1702266002,round,55,female,black,square,light,56,
6.61E+12,https://cdn.shopify.com/s/files/1/0387/1417/9628/products/SL471001_1.jpg?v=1658797459,round,53,female,black,square,light,54,
5.31E+12,https://cdn.shopify.com/s/files/1/0387/1417/9628/products/KAO1927303_1_4f62b72a-d63f-43e0-a8ce-d19f36ac4e67.jpg?v=1603961490,round,51,male,gold,square,light,52,
5.31E+12,https://cdn.shopify.com/s/files/1/0387/1417/9628/products/KAO2027316_1.jpg?v=1678325680,round,53,male,black,square,light,54,
5.31E+12,https://cdn.shopify.com/s/files/1/0387/1417/9628/products/LAO2028918_1.jpg?v=1625028365,round,51,male,black,square,light,52,
5.31E+12,https://cdn.shopify.com/s/files/1/0387/1417/9628/products/LAO2028926_1.jpg?v=1625028385,round,53,male,gold,square,light,54,
7.15E+12,https://cdn.shopify.com/s/files/1/0387/1417/9628/files/GG1442O002_1.jpg?v=1692776069,rectangle,55,male,gold,oblong,light,56,
6.98E+12,https://cdn.shopify.com/s/files/1/0387/1417/9628/products/SL345001_1.jpg?v=1665630386,square,55,male,black,oblong,light,56,
6.89E+12,https://cdn.shopify.com/s/files/1/0387/1417/9628/products/GG1231OA001_1.jpg?v=1659427665,square,55,male,gold,oblong,light,56,
6.89E+12,https://cdn.shopify.com/s/files/1/0387/1417/9628/products/GG1230OA002_1.jpg?v=1659427659,square,53,male,black,oblong,light,54,
6.89E+12,https://cdn.shopify.com/s/files/1/0387/1417/9628/products/GG1213OA004_1.jpg?v=1659335673,square,55,female,black,oblong,light,56,
6.89E+12,https://cdn.shopify.com/s/files/1/0387/1417/9628/products/GG1209O002_1.jpg?v=1659335667,square,57,male,gold,oblong,light,58,
6.89E+12,https://cdn.shopify.com/s/files/1/0387/1417/9628/products/GG1192O004_1.jpg?v=1659427481,square,53,female,black,oblong,light,54,
6.73E+12,https://cdn.shopify.com/s/files/1/0387/1417/9628/products/GG1125OA002_1.jpg?v=1642644428,square,53,male,gold,oblong,light,54,
6.73E+12,https://cdn.shopify.com/s/files/1/0387/1417/9628/products/GG1124OA001_1.jpg?v=1642644418,square,55,male,black,oblong,light,56,
6.57E+12,https://cdn.shopify.com/s/files/1/0387/1417/9628/products/GG0958O005_1.jpg?v=1620884597,square,52,female,black,oblong,light,53,
5.35E+12,https://cdn.shopify.com/s/files/1/0387/1417/9628/products/GG0396O002_1.jpg?v=1625035074,square,56,female,gold,oblong,light,57,
6.54E+12,https://cdn.shopify.com/s/files/1/0387/1417/9628/products/KAO2027348_1.jpg?v=1614663567,square,58,male,gold,oblong,light,59,
5.31E+12,https://cdn.shopify.com/s/files/1/0387/1417/9628/products/KAO1927297_1.jpg?v=1603961455,aviator,55,female,black,oblong,light,56,
5.31E+12,https://cdn.shopify.com/s/files/1/0387/1417/9628/products/KAO2027322_1.jpg?v=1678325725,aviator,52,male,black,oblong,light,53,
5.31E+12,https://cdn.shopify.com/s/files/1/0387/1417/9628/products/KAO2027325_1.jpg?v=1678325757,aviator,57,male,gold,oblong,light,58,
5.31E+12,https://cdn.shopify.com/s/files/1/0387/1417/9628/products/LAO2028916_1_a4efa15d-1c75-443a-b770-92293d17a42f.jpg?v=1603956904,aviator,51,male,black,oblong,light,52,
5.31E+12,https://cdn.shopify.com/s/files/1/0387/1417/9628/products/LAO2028921_1.jpg?v=1603956933,aviator,53,male,black,oblong,light,54,
5.31E+12,https://cdn.shopify.com/s/files/1/0387/1417/9628/products/LSO1926567_1.jpg?v=1625028748,aviator,56,male,gold,oblong,light,57,
5.32E+12,https://cdn.shopify.com/s/files/1/0387/1417/9628/products/CBO1993051_1.jpg?v=1603959918,aviator,56,male,gold,oblong,light,57,
6.61E+12,https://cdn.shopify.com/s/files/1/0387/1417/9628/products/LSO2026670_1.jpg?v=1627360210,aviator,55,male,gold,oblong,light,56,
7.15E+12,https://cdn.shopify.com/s/files/1/0387/1417/9628/files/GG1442O002_1.jpg?v=1692776069,rectangle,55,male,gold,heart,light,56,
7.15E+12,https://cdn.shopify.com/s/files/1/0387/1417/9628/files/GG1476OK001_1.jpg?v=1689328302,rectangle,55,female,black,heart,light,56,
7.15E+12,https://cdn.shopify.com/s/files/1/0387/1417/9628/files/SL645F001_1.jpg?v=1692776167,rectangle,55,male,black,heart,light,56,
7.15E+12,https://cdn.shopify.com/s/files/1/0387/1417/9628/files/SL186BSLIM001_1.jpg?v=1689328751,rectangle,53,male,black,heart,light,54,
6.73E+12,https://cdn.shopify.com/s/files/1/0387/1417/9628/products/GG1129OJ001_1.jpg?v=1642644445,rectangle,52,female,black,heart,light,53,
6.58E+12,https://cdn.shopify.com/s/files/1/0387/1417/9628/products/GG0934OA001_1.jpg?v=1625040669,rectangle,54,male,black,heart,light,55,
5.35E+12,https://cdn.shopify.com/s/files/1/0387/1417/9628/files/ORP1900848_1.jpg?v=1705277314,rectangle,54,female,black,heart,light,55,
5.31E+12,https://cdn.shopify.com/s/files/1/0387/1417/9628/files/ORP1800833_1.jpg?v=1705277234,rectangle,52,female,gold,heart,light,53,
5.31E+12,https://cdn.shopify.com/s/files/1/0387/1417/9628/files/ORP1402964_1.jpg?v=1705277193,rectangle,51,female,brown,heart,light,52,
6.98E+12,https://cdn.shopify.com/s/files/1/0387/1417/9628/products/PU0064O001_1.jpg?v=1665630294,rectangle,54,male,blue,heart,light,55,
6.89E+12,https://cdn.shopify.com/s/files/1/0387/1417/9628/files/SL259011_1.jpg?v=1693463723,cat-eye,50,female,black,heart,light,51,
5.31E+12,https://cdn.shopify.com/s/files/1/0387/1417/9628/products/LAO2028903_1.jpg?v=1625028315,cat-eye,52,female,black,heart,light,53,
5.31E+12,https://cdn.shopify.com/s/files/1/0387/1417/9628/products/LSO1926520_1.jpg?v=1625028667,cat-eye,52,female,black,heart,light,53,
5.31E+12,https://cdn.shopify.com/s/files/1/0387/1417/9628/products/LSO1926615_1_9a43ecd1-cb4c-4af3-b9bb-d32eba384b83.jpg?v=1603958540,cat-eye,53,female,black,heart,light,54,
5.31E+12,https://cdn.shopify.com/s/files/1/0387/1417/9628/products/LSO2026616_1.jpg?v=1625028872,cat-eye,51,female,black,heart,light,52,
5.32E+12,https://cdn.shopify.com/s/files/1/0387/1417/9628/products/JHN1984794_1.jpg?v=1603967588,cat-eye,52,female,gold,heart,light,53,
6.61E+12,https://cdn.shopify.com/s/files/1/0387/1417/9628/products/ORP2100863_1.jpg?v=1627363005,cat-eye,54,female,brown,heart,light,55,
6.71E+12,https://cdn.shopify.com/s/files/1/0387/1417/9628/products/ORP2230806_1.jpg?v=1640299042,cat-eye,52,female,black,heart,light,53,
7.01E+12,https://cdn.shopify.com/s/files/1/0387/1417/9628/products/CAP2330502_1.jpg?v=1676354962,cat-eye,52,female,blue,heart,light,53,
7.15E+12,https://cdn.shopify.com/s/files/1/0387/1417/9628/files/GG1442O002_1.jpg?v=1692776069,rectangle,55,male,gold,round,light,56,
7.15E+12,https://cdn.shopify.com/s/files/1/0387/1417/9628/files/GG1476OK001_1.jpg?v=1689328302,rectangle,55,female,black,round,light,56,
7.15E+12,https://cdn.shopify.com/s/files/1/0387/1417/9628/files/SL645F001_1.jpg?v=1692776167,rectangle,55,male,black,round,light,56,
7.15E+12,https://cdn.shopify.com/s/files/1/0387/1417/9628/files/SL186BSLIM001_1.jpg?v=1689328751,rectangle,53,male,black,round,light,54,
6.73E+12,https://cdn.shopify.com/s/files/1/0387/1417/9628/products/GG1129OJ001_1.jpg?v=1642644445,rectangle,52,female,black,round,light,53,
6.58E+12,https://cdn.shopify.com/s/files/1/0387/1417/9628/products/GG0934OA001_1.jpg?v=1625040669,rectangle,54,male,black,round,light,55,
5.35E+12,https://cdn.shopify.com/s/files/1/0387/1417/9628/files/ORP1900848_1.jpg?v=1705277314,rectangle,54,female,black,round,light,55,
5.31E+12,https://cdn.shopify.com/s/files/1/0387/1417/9628/files/ORP1800833_1.jpg?v=1705277234,rectangle,52,female,gold,round,light,53,
5.31E+12,https://cdn.shopify.com/s/files/1/0387/1417/9628/files/ORP1402964_1.jpg?v=1705277193,rectangle,51,female,brown,round,light,52,
6.98E+12,https://cdn.shopify.com/s/files/1/0387/1417/9628/products/PU0064O001_1.jpg?v=1665630294,rectangle,54,male,blue,round,light,55,
5.31E+12,https://cdn.shopify.com/s/files/1/0387/1417/9628/products/KAO1927297_1.jpg?v=1603961455,aviator,55,female,black,round,light,56,
5.31E+12,https://cdn.shopify.com/s/files/1/0387/1417/9628/products/KAO2027322_1.jpg?v=1678325725,aviator,52,male,black,round,light,53,
5.31E+12,https://cdn.shopify.com/s/files/1/0387/1417/9628/products/KAO2027325_1.jpg?v=1678325757,aviator,57,male,gold,round,light,58,
5.31E+12,https://cdn.shopify.com/s/files/1/0387/1417/9628/products/LAO2028916_1_a4efa15d-1c75-443a-b770-92293d17a42f.jpg?v=1603956904,aviator,51,male,black,round,light,52,
5.31E+12,https://cdn.shopify.com/s/files/1/0387/1417/9628/products/LAO2028921_1.jpg?v=1603956933,aviator,53,male,black,round,light,54,
5.31E+12,https://cdn.shopify.com/s/files/1/0387/1417/9628/products/LSO1926567_1.jpg?v=1625028748,aviator,56,male,gold,round,light,57,
5.32E+12,https://cdn.shopify.com/s/files/1/0387/1417/9628/products/CBO1993051_1.jpg?v=1603959918,aviator,56,male,gold,round,light,57,
6.61E+12,https://cdn.shopify.com/s/files/1/0387/1417/9628/products/LSO2026670_1.jpg?v=1627360210,aviator,55,male,gold,round,light,56,
